date,code,qty,rate,month
2026-04-22 14:50:52.085,500001,16,1296,2026-04
2026-04-22 14:50:52.085,500001,4,1295,2026-04
2026-04-22 14:50:52.085,500001,16,1295,2026-04
2026-04-22 14:50:52.085,500001,4,1295,2026-04
2026-04-22 14:50:52.085,10029028,4,1250,2026-04
2026-04-07 12:03:33.634,10027735,3,975,2026-04
2026-04-22 12:06:30.559,10029036,4,850,2026-04
2026-04-22 12:06:30.559,10029029,4,1250,2026-04
2026-04-21 18:09:26.124,10028960,3,1095,2026-04
2026-04-21 18:09:26.124,10028961,3,1095,2026-04
2026-04-08 17:25:19.920,10027574,4,995,2026-04
2026-04-22 12:10:25.978,10028518,4,795,2026-04
2026-04-22 12:10:25.978,10028448,4,775,2026-04
2025-10-13 21:10:10.000,10016728,4,875,2025-10
2026-04-20 14:01:05.613,10029036,4,850,2026-04
2026-04-08 17:34:34.817,10027760,4,995,2026-04
2025-09-03 16:23:21.000,500001,4,1295,2025-09
2026-04-21 19:06:29.293,10028892,4,1075,2026-04
2026-04-20 16:16:36.116,10028794,4,1095,2026-04
2026-04-20 16:16:36.117,10028831,4,875,2026-04
2026-04-20 16:16:36.117,10028757,4,550,2026-04
2026-04-20 16:16:36.117,10028758,4,550,2026-04
2026-04-20 16:16:36.118,10028755,4,550,2026-04
2026-04-20 16:16:36.118,10028845,3,1025,2026-04
2026-04-21 19:14:49.332,10028845,3,1025,2026-04
2026-04-21 19:14:49.332,10028794,4,1095,2026-04
2026-04-20 16:49:05.130,10027576,4,995,2026-04
2026-04-20 16:59:43.976,10028268,4,335,2026-04
2026-04-20 17:31:38.861,10028845,3,1025,2026-04
2026-04-07 15:32:01.571,10027632,3,750,2026-04
2026-04-07 19:31:32.899,10027612,4,995,2026-04
2026-04-07 19:31:32.899,10027634,3,750,2026-04
2026-04-07 19:31:32.899,10027632,3,750,2026-04
2026-04-07 19:31:32.900,10027635,3,750,2026-04
2026-04-07 19:58:45.578,10027760,3,995,2026-04
2026-04-07 19:58:45.578,10027734,3,975,2026-04
2026-04-08 18:23:11.990,10027298,4,1150,2026-04
2026-04-08 18:31:31.162,10027298,4,1150,2026-04
2026-04-09 12:26:55.633,10027299,4,1150,2026-04
2026-04-20 20:58:27.621,10027632,3,750,2026-04
2026-04-07 20:39:20.570,10027760,4,995,2026-04
2026-04-20 21:38:59.156,10028268,8,335,2026-04
2026-04-08 10:52:16.828,10027734,3,975,2026-04
2026-04-22 10:33:17.341,10028569,4,925,2026-04
2026-04-22 10:33:17.341,10027298,4,1150,2026-04
2026-04-21 10:59:48.653,10028754,3,550,2026-04
2026-04-08 11:32:11.049,10027735,3,975,2026-04
2026-04-07 13:11:01.605,10027574,8,995,2026-04
2026-04-07 13:11:01.605,10027576,8,995,2026-04
2026-04-20 15:41:21.165,10028794,4,1095,2026-04
2026-04-20 15:41:21.164,10025103,4,1195,2026-04
2026-04-20 15:41:21.165,10028892,4,1075,2026-04
2025-07-23 18:23:53.000,500001,4,1295,2025-07
2025-09-03 18:20:37.000,500001,4,1295,2025-09
2025-09-02 17:53:27.000,500001,12,1295,2025-09
2025-09-02 17:53:27.000,500001,12,1295,2025-09
2025-09-02 17:53:27.000,500001,4,1295,2025-09
2025-09-02 17:53:27.000,500001,32,1295,2025-09
2025-09-02 17:53:27.000,500001,4,1295,2025-09
2025-09-02 17:53:27.000,500001,4,1295,2025-09
2025-09-02 17:53:27.000,500001,4,1295,2025-09
2025-09-02 17:53:27.000,500001,4,1295,2025-09
2025-09-09 20:46:43.000,500001,4,1295,2025-09
2025-09-16 19:17:34.000,10016728,4,875,2025-09
2025-11-01 17:51:45.000,10019275,4,1650,2025-11
2025-11-12 19:13:39.000,10019275,4,1650,2025-11
2025-10-30 20:04:22.000,500001,3,1295,2025-10
2026-04-08 13:04:21.385,10027757,4,1150,2026-04
2026-04-08 13:04:21.385,10027542,4,875,2026-04
2026-04-22 11:17:23.891,10027734,3,975,2026-04
2026-03-19 18:24:58.839,500001,100,1295,2026-03
2025-11-24 19:02:01.000,500001,8,1295,2025-11
2025-12-18 19:50:56.106,10019275,4,1650,2025-12
2025-11-08 20:31:37.000,10019275,4,1650,2025-11
2025-11-26 14:42:02.000,500001,4,1295,2025-11
2025-11-26 14:45:55.000,500001,4,1295,2025-11
2026-04-21 16:32:48.546,10029036,4,850,2026-04
2026-04-21 16:32:48.546,10028197,4,750,2026-04
2025-12-30 13:36:13.954,500001,4,1295,2025-12
2025-11-27 13:19:13.788,10021130,8,875,2025-11
2025-11-27 13:19:13.853,10021131,8,875,2025-11
2026-04-08 14:46:31.096,10027576,4,995,2026-04
2025-12-24 11:02:16.263,10019275,4,1650,2025-12
2026-01-17 20:07:42.144,10016728,4,875,2026-01
2025-12-24 16:15:07.314,500001,40,1295,2025-12
2025-12-02 16:01:44.556,500001,8,1295,2025-12
2026-04-08 17:14:26.458,10027757,4,1150,2026-04
2025-12-26 21:15:25.754,500001,4,1295,2025-12
2026-04-08 17:20:09.829,10027735,3,975,2026-04
2026-04-08 17:20:09.829,10027734,3,975,2026-04
2026-04-22 12:06:30.558,10029028,4,1250,2026-04
2026-01-03 15:33:12.900,10022091,4,1250,2026-01
2026-01-06 16:14:54.268,10022091,4,1250,2026-01
2026-01-05 18:03:59.202,500001,40,1295,2026-01
2026-01-05 21:25:27.365,500001,4,1295,2026-01
2026-04-03 12:40:20.106,10027298,4,1150,2026-04
2026-04-21 16:36:12.768,10028196,4,750,2026-04
2026-04-21 16:36:12.768,10027761,4,995,2026-04
2026-04-21 16:36:12.768,10029036,4,850,2026-04
2026-04-09 15:02:51.434,10028003,3,1425,2026-04
2026-02-17 22:28:12.639,10025103,4,1195,2026-02
2026-04-09 15:27:38.567,10028003,6,1425,2026-04
2026-03-24 15:14:30.790,10025542,3,1150,2026-03
2026-04-09 15:46:39.506,10027612,4,995,2026-04
2026-04-09 15:46:39.507,10027757,4,1150,2026-04
2026-01-21 17:20:22.037,10022091,4,1250,2026-01
2026-04-09 15:56:18.711,10028130,5,850,2026-04
2026-02-18 13:07:46.509,10025105,4,650,2026-02
2026-04-09 16:18:51.572,10025821,4,1595,2026-04
2026-04-22 19:05:38.519,10028197,4,750,2026-04
2026-04-22 19:05:38.519,10027736,4,925,2026-04
2026-04-22 19:05:38.519,10028641,4,875,2026-04
2026-04-22 19:05:38.519,10027761,4,995,2026-04
2026-04-09 14:58:54.661,10028093,4,925,2026-04
2026-04-09 17:26:36.468,10027896,4,550,2026-04
2026-04-09 18:30:37.903,10027734,3,975,2026-04
2026-04-09 18:30:37.903,10027298,4,1150,2026-04
2026-04-22 21:38:00.168,10028130,20,850,2026-04
2026-04-09 19:15:29.086,10027298,4,1150,2026-04
2026-02-18 20:32:52.524,10025103,4,1195,2026-02
2026-02-18 20:49:31.127,10025821,4,1595,2026-02
2026-02-27 19:23:05.587,10019275,4,1650,2026-02
2026-04-23 12:16:31.972,10028959,3,1095,2026-04
2026-01-26 19:18:41.250,10022091,4,1250,2026-01
2026-02-10 15:56:47.413,10025103,4,1195,2026-02
2026-02-07 20:21:14.082,10025103,4,1195,2026-02
2026-02-07 20:35:30.676,10022578,4,1195,2026-02
2026-04-23 15:09:35.468,10028518,4,795,2026-04
2026-04-23 15:09:35.468,10029129,5,1150,2026-04
2026-04-23 15:09:35.468,10028568,4,925,2026-04
2026-04-23 15:09:35.469,10028757,4,550,2026-04
2026-04-23 15:09:35.469,10028758,4,550,2026-04
2026-04-23 15:26:57.357,10028449,4,775,2026-04
2026-04-23 15:39:08.905,10029228,4,750,2026-04
2026-04-23 15:39:08.905,10029229,4,750,2026-04
2026-04-10 10:45:04.581,10028130,5,850,2026-04
2026-02-10 17:45:26.625,10022578,4,1195,2026-02
2026-04-13 20:22:42.944,10028269,4,335,2026-04
2026-04-13 20:22:42.944,10027276,4,525,2026-04
2026-04-10 12:01:35.652,10028197,3,750,2026-04
2026-04-10 12:09:45.407,10027734,3,975,2026-04
2026-02-05 17:02:16.998,10022578,4,1195,2026-02
2026-02-09 15:24:55.985,10025105,4,650,2026-02
2026-02-09 15:34:16.318,10025105,4,650,2026-02
2026-04-13 20:29:19.489,10027912,4,625,2026-04
2026-04-10 15:04:25.386,10027279,4,550,2026-04
2026-02-20 16:17:32.326,10022091,4,1250,2026-02
2026-02-09 20:18:08.465,10022578,4,1195,2026-02
2026-04-23 18:31:13.377,10028978,4,1025,2026-04
2026-02-20 21:13:16.956,10025542,3,1195,2026-02
2026-04-14 10:43:20.786,10028257,4,775,2026-04
2026-02-20 21:55:27.240,10022091,4,1250,2026-02
2026-02-12 19:33:41.991,10025105,8,650,2026-02
2026-04-07 15:53:18.710,10027761,4,995,2026-04
2026-04-07 15:53:18.710,10027760,4,995,2026-04
2026-04-21 18:58:11.599,10029029,4,1250,2026-04
2026-04-21 19:06:29.293,10027684,4,550,2026-04
2026-04-21 19:06:29.293,10028753,4,550,2026-04
2026-04-21 19:06:29.293,10028755,4,550,2026-04
2026-04-20 18:20:02.457,10028268,4,335,2026-04
2026-04-08 18:11:56.918,10027576,4,995,2026-04
2025-09-03 21:10:45.000,500001,4,1295,2025-09
2026-04-07 20:39:20.570,10027912,4,625,2026-04
2026-04-22 10:33:17.341,10028630,4,875,2026-04
2026-04-07 13:11:01.605,10027735,3,975,2026-04
2026-04-21 12:14:46.148,10027806,4,625,2026-04
2026-04-21 12:14:46.148,10028753,4,550,2026-04
2025-09-08 16:53:58.000,500001,4,1295,2025-09
2025-11-01 17:38:07.000,10016728,4,875,2025-11
2025-11-01 17:45:43.000,10019275,4,1650,2025-11
2025-10-30 20:18:20.000,500001,15,1295,2025-10
2025-10-17 16:53:12.000,500001,51,1295,2025-10
2025-12-27 17:54:34.539,500001,4,1295,2025-12
2025-11-12 21:26:11.000,500001,3,1295,2025-11
2026-02-16 20:10:14.420,10025542,3,1195,2026-02
2025-10-09 19:48:56.000,10016728,4,875,2025-10
2026-04-08 13:04:21.385,10027299,4,1150,2026-04
2025-12-27 18:53:35.871,500001,4,1295,2025-12
2026-04-08 19:52:51.818,10027574,4,995,2026-04
2026-04-08 19:52:51.818,10027760,4,995,2026-04
2026-03-23 18:35:08.338,10025820,4,1595,2026-03
2026-03-23 18:35:08.338,10025821,4,1595,2026-03
2025-11-24 17:44:49.000,500001,40,1295,2025-11
2025-12-29 17:45:44.537,500001,4,1295,2025-12
2025-11-27 19:13:34.187,10021131,4,875,2025-11
2026-01-17 20:02:21.433,10022091,4,1250,2026-01
2025-11-27 19:24:16.000,10021131,4,875,2025-11
2026-04-08 15:44:00.866,10027299,4,1150,2026-04
2026-01-16 18:31:26.800,10022578,4,1195,2026-01
2025-12-26 13:33:55.046,10021130,4,875,2025-12
2026-04-08 16:57:56.071,10027299,4,1150,2026-04
2025-12-26 17:34:31.042,500001,4,1295,2025-12
2026-04-08 17:04:13.634,10027612,4,995,2026-04
2026-04-08 17:04:13.631,10027632,3,750,2026-04
2026-04-08 17:04:13.631,10027684,4,550,2026-04
2026-04-22 15:21:42.409,10028568,4,925,2026-04
2026-04-22 15:21:42.409,10028448,4,775,2026-04
2026-04-22 15:21:42.410,10028449,4,775,2026-04
2026-04-22 15:21:42.410,10021130,4,875,2026-04
2026-04-22 15:21:42.410,10027761,4,995,2026-04
2026-04-22 15:21:42.410,10028520,4,795,2026-04
2026-04-22 15:21:42.410,10027760,4,995,2026-04
2026-04-22 15:21:42.410,10028638,4,875,2026-04
2026-01-05 20:43:25.025,500001,4,1295,2026-01
2026-04-21 20:35:50.337,10026674,4,875,2026-04
2026-04-21 20:35:50.337,10028630,4,875,2026-04
2026-04-21 16:36:12.768,10028641,4,875,2026-04
2026-04-21 16:36:12.768,10029034,4,850,2026-04
2026-04-21 16:36:12.768,10028449,4,775,2026-04
2026-04-21 16:36:12.768,10028448,4,775,2026-04
2026-02-17 22:13:22.707,10025820,4,1595,2026-02
2026-02-06 18:36:56.692,10022091,4,1250,2026-02
2026-02-06 22:03:25.407,10022091,4,1250,2026-02
2026-02-06 22:30:13.768,500001,100,1295,2026-02
2026-01-10 15:43:23.910,500001,4,1295,2026-01
2026-01-10 15:46:53.244,10022578,8,1195,2026-01
2026-04-15 12:53:23.900,10021130,4,875,2026-04
2026-04-09 18:14:09.555,10027542,4,875,2026-04
2026-04-09 18:24:19.462,10027281,4,550,2026-04
2026-04-09 18:24:19.462,10027761,4,995,2026-04
2026-02-18 18:11:35.234,10022578,4,1195,2026-02
2026-02-23 17:14:19.602,10025820,4,1595,2026-02
2026-02-23 17:33:37.778,10025103,4,1195,2026-02
2026-01-24 21:29:43.436,10022091,4,1250,2026-01
2026-02-25 17:32:02.111,10025821,4,1595,2026-02
2026-01-26 18:12:13.881,10022091,8,1250,2026-01
2026-02-07 20:16:20.827,10022578,4,1195,2026-02
2026-04-15 21:24:04.966,10027896,4,550,2026-04
2026-04-23 15:09:35.468,10028520,4,795,2026-04
2026-04-23 15:26:57.357,10029036,4,850,2026-04
2026-04-23 15:26:57.357,10028448,4,775,2026-04
2026-04-23 15:26:57.357,10029035,4,850,2026-04
2026-01-28 16:22:18.284,10022091,4,1250,2026-01
2026-04-23 17:12:35.289,10029028,4,1250,2026-04
2026-04-13 20:29:19.489,10028093,4,925,2026-04
2026-04-03 16:13:13.201,10027299,4,1150,2026-04
2026-04-03 17:04:41.512,10027279,4,550,2026-04
2026-01-29 21:11:05.429,10022091,8,1250,2026-01
2026-02-09 20:32:15.378,10025103,4,1195,2026-02
2026-04-03 18:48:35.653,10027299,4,1150,2026-04
2026-04-03 18:48:35.653,10027298,4,1150,2026-04
2026-04-10 16:16:38.443,10027912,4,625,2026-04
2026-04-10 16:26:41.990,10027734,3,975,2026-04
2026-04-10 16:26:41.990,10027735,3,975,2026-04
2026-02-27 20:06:22.227,10025103,4,1195,2026-02
2026-02-20 20:54:05.653,10025820,4,1595,2026-02
2026-02-20 21:01:14.672,10025542,3,1195,2026-02
2026-02-27 20:12:08.849,10025103,8,1195,2026-02
2026-04-16 12:45:31.951,10021130,4,875,2026-04
2026-04-04 11:11:34.552,10027299,4,1150,2026-04
2026-04-23 12:16:31.972,10027912,4,625,2026-04
2026-04-23 12:16:31.972,10027735,3,975,2026-04
2026-04-23 12:16:31.972,10028758,4,550,2026-04
2026-04-24 11:53:04.980,10028268,8,335,2026-04
2026-02-21 20:47:04.519,10022091,4,1250,2026-02
2026-04-04 11:59:28.788,10027612,4,995,2026-04
2026-04-11 12:00:57.569,10028269,8,335,2026-04
2026-04-11 12:00:57.569,10028268,8,335,2026-04
2026-02-14 14:20:41.065,10025103,4,1195,2026-02
2026-02-28 17:05:42.346,500001,60,1295,2026-02
2026-04-16 12:45:31.954,10028641,4,875,2026-04
2026-04-16 12:45:31.940,10028569,3,925,2026-04
2026-02-14 19:52:13.170,10025542,3,1195,2026-02
2026-02-14 19:58:03.610,10025542,3,1195,2026-02
2026-04-24 14:03:37.144,10028757,4,550,2026-04
2026-04-24 14:03:37.144,10027735,6,975,2026-04
2026-04-24 14:03:37.144,10028758,4,550,2026-04
2026-04-24 14:03:37.144,10027281,4,550,2026-04
2026-04-24 14:03:37.144,10027734,6,975,2026-04
2026-02-14 21:07:33.778,10025542,3,1195,2026-02
2026-04-24 15:27:44.402,10027912,4,625,2026-04
2026-04-24 15:42:55.104,10027761,4,995,2026-04
2026-04-16 12:49:05.034,10028268,4,335,2026-04
2026-04-04 15:02:15.842,10027298,4,1150,2026-04
2026-04-15 16:45:45.374,10028269,4,335,2026-04
2026-04-15 16:45:45.374,10027806,4,625,2026-04
2026-04-14 14:48:28.717,10028093,4,925,2026-04
2026-04-14 14:48:28.718,10025103,4,1195,2026-04
2026-04-24 18:32:16.407,10029029,4,1250,2026-04
2026-04-24 18:32:16.407,10027278,4,550,2026-04
2026-04-24 18:32:16.407,10029128,5,995,2026-04
2026-04-24 18:32:16.407,10028845,3,1025,2026-04
2026-04-24 18:32:16.407,10029263,4,995,2026-04
2026-04-24 18:32:16.407,10027281,4,550,2026-04
2026-04-24 18:32:16.407,10029215,4,650,2026-04
2026-04-24 18:32:16.407,10027280,4,550,2026-04
2026-04-24 18:32:16.407,10029262,4,995,2026-04
2026-04-24 18:32:16.407,10027734,3,975,2026-04
2026-04-14 15:27:25.861,10028448,4,775,2026-04
2026-04-14 15:27:25.861,10028449,4,775,2026-04
2026-04-04 18:12:35.864,10027299,8,1150,2026-04
2026-04-04 18:12:35.864,10027298,8,1150,2026-04
2026-04-11 17:37:16.012,10027684,8,550,2026-04
2026-04-24 21:45:33.369,10027281,4,550,2026-04
2026-04-08 17:25:19.920,10027761,4,995,2026-04
2026-04-22 12:10:25.979,10028520,4,795,2026-04
2026-04-22 12:10:25.979,10028449,4,775,2026-04
2026-04-21 18:32:24.506,10028810,4,875,2026-04
2026-04-20 13:37:49.461,10028268,4,335,2026-04
2026-04-20 14:01:05.614,10029035,4,850,2026-04
2026-04-21 18:58:11.599,10029028,4,1250,2026-04
2026-04-21 19:14:49.332,10028447,4,1325,2026-04
2025-09-02 19:19:42.000,500001,48,1295,2025-09
2026-04-20 16:55:47.769,10028892,4,1075,2026-04
2026-04-20 16:55:47.769,10028818,4,795,2026-04
2026-04-07 20:22:15.405,10027735,3,975,2026-04
2026-04-22 15:21:42.409,10027574,4,995,2026-04
2026-04-08 10:52:16.827,10027542,4,875,2026-04
2025-07-23 18:29:19.000,500001,4,1295,2025-07
2025-07-23 18:29:19.000,500001,4,1295,2025-07
2025-10-29 21:20:47.000,10019275,4,1650,2025-10
2025-11-11 21:30:16.000,10019275,4,1650,2025-11
2025-10-29 21:45:46.000,10019275,8,1650,2025-10
2026-02-16 19:03:18.221,10025103,4,1195,2026-02
2025-10-30 19:59:47.000,10019275,4,1650,2025-10
2025-11-22 12:37:08.000,500001,4,1295,2025-11
2026-01-13 20:25:21.855,10021130,4,875,2026-01
2026-04-22 11:17:23.891,10026674,4,875,2026-04
2026-04-22 11:17:23.891,10027735,3,975,2026-04
2025-11-21 13:53:22.000,500001,4,1295,2025-11
2026-04-08 19:52:51.818,10027761,4,995,2026-04
2025-11-18 18:02:44.000,500001,84,1295,2025-11
2025-11-24 19:37:57.000,500001,4,1295,2025-11
2025-11-27 13:32:32.738,10021131,4,875,2025-11
2026-01-03 19:06:33.742,10022091,4,1250,2026-01
2025-11-28 18:50:11.000,500001,4,1295,2025-11
2025-11-29 19:01:30.000,10019275,4,1650,2025-11
2026-04-22 15:21:42.410,10028639,4,875,2026-04
2026-04-22 15:21:42.410,10028637,4,875,2026-04
2026-04-22 15:21:42.409,10025542,4,1150,2026-04
2026-04-22 15:21:42.409,10027735,3,975,2026-04
2026-04-22 15:21:42.409,10028892,4,1075,2026-04
2026-04-22 15:21:42.409,10029110,4,995,2026-04
2026-04-22 15:21:42.409,10028845,3,1025,2026-04
2026-04-22 15:21:42.409,10028960,3,1095,2026-04
2026-04-22 15:21:42.409,10027576,4,995,2026-04
2026-04-22 15:21:42.409,10028518,4,795,2026-04
2026-04-22 15:21:42.409,10021131,4,875,2026-04
2026-01-05 20:48:42.091,500001,4,1295,2026-01
2026-01-06 17:47:17.724,10022091,4,1250,2026-01
2025-12-10 16:59:20.692,10021130,4,875,2025-12
2026-02-17 22:03:22.127,10025821,16,1595,2026-02
2026-04-22 18:43:34.341,10028960,3,1095,2026-04
2026-04-22 18:43:34.342,10028961,3,1095,2026-04
2026-04-09 18:11:20.713,10028130,5,850,2026-04
2026-04-09 18:18:03.281,10028130,10,850,2026-04
2026-01-10 20:40:45.300,10022578,4,1195,2026-01
2026-02-14 15:21:36.052,10025105,4,650,2026-02
2026-02-18 20:24:01.837,10025542,3,1195,2026-02
2026-02-18 20:24:01.890,10025821,4,1595,2026-02
2026-02-18 20:57:28.910,10025820,4,1595,2026-02
2026-02-07 19:39:54.316,10025105,4,650,2026-02
2026-04-23 15:54:30.931,10028818,4,795,2026-04
2026-04-13 20:22:42.944,10028268,4,335,2026-04
2026-02-11 20:47:20.578,10022578,4,1195,2026-02
2026-04-03 16:13:13.201,10027298,4,1150,2026-04
2026-04-16 12:45:31.952,10028637,4,875,2026-04
2026-04-23 18:52:50.260,10028758,4,550,2026-04
2026-04-23 18:52:50.260,10028755,4,550,2026-04
2026-04-23 18:52:50.260,10028754,4,550,2026-04
2026-02-27 19:58:33.630,10022578,8,1195,2026-02
2026-02-20 20:05:54.489,10025103,4,1195,2026-02
2026-02-20 20:39:59.608,10022091,4,1250,2026-02
2026-02-24 19:59:27.657,10025105,3,650,2026-02
2026-04-24 10:48:23.650,500001,4,1295,2026-04
2026-04-24 10:48:23.649,10028794,4,1095,2026-04
2026-02-24 20:14:52.593,10022578,4,1195,2026-02
2026-04-24 10:48:23.649,10028831,4,875,2026-04
2026-04-24 10:48:23.649,10029120,4,1195,2026-04
2026-04-24 10:48:23.650,10027735,3,975,2026-04
2026-04-24 10:48:23.650,10028960,3,1095,2026-04
2026-02-13 14:31:11.258,10025105,4,650,2026-02
2026-04-24 13:43:49.970,10028794,4,1095,2026-04
2026-02-14 20:35:26.569,10025105,4,650,2026-02
2026-04-11 15:36:59.607,10027912,4,625,2026-04
2026-04-11 15:36:59.609,10027514,4,950,2026-04
2026-04-24 18:24:24.098,10028268,4,335,2026-04
2026-04-24 18:32:16.407,10027279,4,550,2026-04
2026-04-24 18:32:16.407,10028257,4,775,2026-04
2026-04-24 18:32:16.407,10027735,3,975,2026-04
2026-04-24 18:33:22.185,10029329,8,875,2026-04
2026-04-24 19:07:17.996,10027734,3,975,2026-04
2026-04-24 19:07:17.996,10029110,4,995,2026-04
2026-04-24 19:07:17.996,10028268,4,335,2026-04
2026-04-24 19:07:17.996,10028636,4,875,2026-04
2026-04-24 19:07:17.996,10028638,4,875,2026-04
2026-04-24 19:07:17.996,10029034,4,850,2026-04
2026-04-15 20:24:52.501,10028518,4,795,2026-04
2026-04-16 17:02:55.281,10027896,4,550,2026-04
2026-04-24 20:53:38.181,10028269,36,335,2026-04
2026-04-25 11:50:44.733,10028268,4,335,2026-04
2026-04-25 11:50:44.733,10029215,8,650,2026-04
2026-04-25 11:50:44.733,10029228,4,750,2026-04
2026-04-25 11:59:09.268,10029328,12,875,2026-04
2026-04-25 11:59:09.268,10029329,12,875,2026-04
2026-04-25 11:59:09.268,10029330,20,875,2026-04
2026-03-05 17:47:59.650,10025542,6,1150,2026-03
2026-04-06 09:55:52.673,10027735,3,975,2026-04
2026-04-11 20:50:41.680,10027634,3,750,2026-04
2026-04-25 17:57:49.820,10029241,4,950,2026-04
2026-04-25 17:57:49.820,10029123,4,995,2026-04
2026-03-07 18:42:40.267,10022091,4,1250,2026-03
2026-03-07 18:42:40.256,10025820,4,1595,2026-03
2026-04-25 21:19:35.353,10029305,8,725,2026-04
2026-04-25 21:19:35.352,10029306,8,725,2026-04
2026-04-25 21:19:35.352,10029125,4,875,2026-04
2026-04-25 21:19:35.352,10029274,12,625,2026-04
2026-04-25 21:19:35.353,10029126,8,875,2026-04
2026-04-25 21:53:23.435,10025542,4,1150,2026-04
2026-04-25 21:53:23.435,10029128,5,995,2026-04
2026-04-25 21:53:23.436,10029129,10,1150,2026-04
2026-04-25 21:53:23.436,10028268,4,335,2026-04
2026-04-25 21:53:23.436,10029301,5,895,2026-04
2026-04-27 10:58:11.645,10029367,4,1125,2026-04
2026-04-27 11:34:27.081,10029409,4,850,2026-04
2026-04-27 11:34:27.081,10029234,4,875,2026-04
2026-04-27 11:34:27.080,10029326,4,1025,2026-04
2026-04-27 11:34:27.080,10029353,4,1125,2026-04
2026-04-27 11:34:27.080,10029327,4,1025,2026-04
2026-04-27 11:34:27.080,10029328,4,875,2026-04
2026-04-27 11:34:27.080,10029240,4,950,2026-04
2026-04-01 16:12:15.592,10027299,4,1150,2026-04
2026-04-27 12:57:20.931,10029110,8,995,2026-04
2026-04-27 12:57:20.931,10029242,8,695,2026-04
2026-04-06 16:19:45.435,10027574,4,995,2026-04
2026-04-06 16:33:37.556,10027542,4,875,2026-04
2026-04-27 13:12:43.747,10029345,5,795,2026-04
2026-04-27 13:12:43.747,10029409,4,850,2026-04
2026-04-27 13:12:43.747,10029232,4,750,2026-04
2026-04-27 13:12:43.747,10029410,4,850,2026-04
2026-04-27 13:12:43.747,10029231,4,750,2026-04
2026-04-27 13:12:43.747,10029370,4,1125,2026-04
2026-04-27 13:12:43.747,10029271,5,575,2026-04
2026-04-27 13:12:43.747,10028568,4,925,2026-04
2026-04-27 13:12:43.747,10029301,5,895,2026-04
2026-04-27 13:12:43.747,10029273,5,575,2026-04
2026-04-27 13:29:52.062,10029125,8,875,2026-04
2026-04-16 17:14:56.689,10028268,4,335,2026-04
2026-04-27 13:29:52.062,10029126,4,875,2026-04
2026-04-06 16:19:45.435,10027576,4,995,2026-04
2026-04-06 16:49:05.726,10027736,4,925,2026-04
2026-04-06 17:07:53.954,10027298,4,1150,2026-04
2026-04-27 15:13:21.793,10029301,5,895,2026-04
2026-04-27 15:13:21.794,10029345,5,795,2026-04
2026-04-27 15:13:21.794,10029346,5,795,2026-04
2026-04-27 15:13:21.794,10029131,4,775,2026-04
2026-04-27 15:13:21.794,10029234,4,875,2026-04
2026-04-13 13:19:05.299,10027806,4,625,2026-04
2026-04-27 16:40:06.258,10029370,4,1125,2026-04
2026-04-27 17:04:08.026,10029410,4,850,2026-04
2026-04-27 19:03:28.019,10029443,10,995,2026-04
2026-04-27 19:03:28.020,10029440,10,1125,2026-04
2026-04-27 20:14:28.277,10028978,4,1025,2026-04
2026-04-27 20:14:28.277,10029035,4,850,2026-04
2026-04-27 20:14:28.277,10028960,3,1095,2026-04
2026-04-27 20:14:28.277,10016728,4,875,2026-04
2026-03-12 19:33:49.136,10025542,3,1150,2026-03
2026-04-27 21:05:57.155,10029329,4,875,2026-04
2026-04-27 21:05:57.155,10028269,4,335,2026-04
2026-04-28 11:10:59.098,10029342,5,1075,2026-04
2026-04-28 11:10:59.098,10029351,5,1125,2026-04
2026-04-28 11:10:59.098,10029365,5,895,2026-04
2026-04-28 11:10:59.098,10029463,4,695,2026-04
2026-04-28 11:10:59.098,10029242,4,695,2026-04
2026-04-28 11:10:59.098,10028520,4,795,2026-04
2026-04-28 11:10:59.098,10029244,4,695,2026-04
2026-04-28 11:32:29.895,10029354,4,1250,2026-04
2026-04-28 11:32:29.890,10029444,5,995,2026-04
2026-04-28 11:32:29.890,10029240,4,950,2026-04
2026-04-28 11:32:29.890,10029353,4,1125,2026-04
2026-04-28 11:32:29.891,10029365,5,895,2026-04
2026-04-28 11:32:29.895,10029131,4,775,2026-04
2026-04-28 11:32:29.895,10029301,5,895,2026-04
2026-04-02 18:11:15.215,10025821,4,1595,2026-04
2026-04-03 15:08:52.176,10027299,4,1150,2026-04
2026-04-28 15:43:28.896,10028449,4,775,2026-04
2026-04-28 15:57:16.098,10029411,4,950,2026-04
2026-04-28 15:57:16.098,10029229,3,750,2026-04
2026-04-28 15:57:16.098,10029350,5,1125,2026-04
2026-04-28 15:57:16.098,10029129,5,1150,2026-04
2026-04-28 15:57:16.098,10027734,3,975,2026-04
2026-04-28 15:57:16.098,10029234,4,875,2026-04
2026-04-28 15:57:16.097,10029231,4,750,2026-04
2026-04-28 16:49:36.092,10027278,4,550,2026-04
2026-04-28 16:49:36.092,10027279,4,550,2026-04
2026-04-28 16:49:36.092,10029142,4,850,2026-04
2026-04-28 16:49:36.092,10029365,5,895,2026-04
2026-04-28 16:49:36.092,10029241,4,950,2026-04
2026-04-13 16:49:29.467,10027299,4,1150,2026-04
2026-04-28 16:51:49.974,10029329,8,875,2026-04
2026-04-28 16:51:49.975,10029330,8,875,2026-04
2026-04-28 16:51:49.975,10029328,8,875,2026-04
2026-04-28 16:51:49.975,10026674,12,875,2026-04
2026-04-16 15:35:49.003,10028268,4,335,2026-04
2026-04-16 15:35:49.003,10028449,4,775,2026-04
2026-04-28 17:38:09.927,500001,4,1295,2026-04
2026-04-28 17:38:09.927,10029234,4,875,2026-04
2026-04-28 17:38:09.927,10029365,5,895,2026-04
2026-03-17 12:56:08.881,10026674,4,875,2026-03
2026-04-16 12:03:35.765,10028268,2,335,2026-04
2026-04-13 18:10:14.747,10027734,3,975,2026-04
2026-04-16 12:45:31.952,10028568,3,925,2026-04
2026-02-13 14:05:17.405,10025542,6,1195,2026-02
2026-04-24 10:35:56.605,10027279,4,550,2026-04
2026-04-24 10:35:56.605,10027896,4,550,2026-04
2026-04-24 10:35:56.605,10029273,5,575,2026-04
2026-04-24 10:35:56.605,10028754,4,550,2026-04
2026-04-24 10:35:56.606,10028268,4,335,2026-04
2026-04-24 11:19:46.279,10027612,4,995,2026-04
2026-04-04 11:11:34.551,10027298,4,1150,2026-04
2026-04-16 12:45:31.954,10021131,4,875,2026-04
2026-04-16 12:45:31.954,10028639,4,875,2026-04
2026-02-14 20:08:15.453,10025542,3,1195,2026-02
2026-04-16 17:02:55.281,10027760,4,995,2026-04
2026-04-24 15:11:28.739,10025542,4,1150,2026-04
2026-04-24 16:03:11.280,10029122,4,995,2026-04
2026-04-15 16:45:45.375,10027896,4,550,2026-04
2026-04-15 16:45:45.375,10027276,4,525,2026-04
2026-04-14 15:51:15.128,10028093,4,925,2026-04
2026-04-24 20:39:38.273,10029270,5,575,2026-04
2026-03-02 19:08:36.612,10025821,4,1595,2026-03
2026-04-11 18:56:06.001,10028231,4,995,2026-04
2026-04-25 12:40:09.993,10028268,4,335,2026-04
2026-04-25 12:40:09.993,10028269,4,335,2026-04
2026-04-25 12:40:09.993,10028810,4,875,2026-04
2026-04-11 20:20:17.626,10027703,4,750,2026-04
2026-04-11 20:47:40.905,10027684,8,550,2026-04
2026-03-06 20:06:07.895,10025542,3,1150,2026-03
2026-03-07 19:04:58.471,10025542,3,1150,2026-03
2026-04-01 12:28:52.063,10025821,4,1595,2026-04
2026-04-01 13:18:28.240,10027279,16,550,2026-04
2026-04-01 13:18:28.240,10027281,8,550,2026-04
2026-04-01 13:18:28.241,10027278,16,550,2026-04
2026-04-01 13:18:28.241,10027280,16,550,2026-04
2026-04-06 13:52:32.312,10027761,4,995,2026-04
2026-04-01 15:44:21.945,10027299,4,1150,2026-04
2026-04-01 15:44:21.945,10027298,4,1150,2026-04
2026-04-01 16:12:15.592,10025821,4,1595,2026-04
2026-04-01 16:12:15.592,10025820,4,1595,2026-04
2026-04-01 16:17:39.583,10027298,4,1150,2026-04
2026-04-06 16:33:37.556,10027574,4,995,2026-04
2026-04-06 16:33:37.556,10027576,4,995,2026-04
2026-04-27 13:12:43.747,500001,4,1295,2026-04
2026-04-27 13:12:43.747,10028892,4,1075,2026-04
2026-04-27 13:12:43.747,10029270,5,575,2026-04
2026-04-27 13:12:43.747,10028569,4,925,2026-04
2026-04-27 13:12:43.747,10029262,4,995,2026-04
2026-04-27 13:12:43.747,10029416,4,995,2026-04
2026-04-27 13:12:43.747,10029110,4,995,2026-04
2026-04-27 13:12:43.747,10029328,4,875,2026-04
2026-04-27 13:12:43.747,10028831,4,875,2026-04
2026-04-13 12:36:07.583,10027280,3,550,2026-04
2026-04-06 16:37:07.371,10027734,3,975,2026-04
2026-04-06 16:37:07.371,10027735,3,975,2026-04
2026-03-10 19:54:25.894,500001,44,1295,2026-03
2026-04-27 16:08:47.124,10028758,8,550,2026-04
2026-04-27 16:08:47.124,10028755,8,550,2026-04
2026-04-27 16:08:47.124,10029271,10,575,2026-04
2026-04-27 16:08:47.124,10027279,8,550,2026-04
2026-04-27 16:08:47.125,10029228,8,750,2026-04
2026-04-27 16:08:47.125,10027281,8,550,2026-04
2026-04-27 16:08:47.125,10029272,10,575,2026-04
2026-04-27 16:08:47.125,10029229,6,750,2026-04
2026-04-13 13:19:05.300,10028268,4,335,2026-04
2026-03-12 14:12:45.889,10025542,3,1150,2026-03
2026-04-27 19:17:31.985,500001,8,1295,2026-04
2026-04-27 19:17:31.985,10029416,8,995,2026-04
2026-04-27 19:17:31.985,10029418,8,995,2026-04
2026-04-27 19:17:31.985,10029417,8,995,2026-04
2026-04-27 19:17:31.985,10029328,8,875,2026-04
2026-04-27 19:17:31.985,10029410,8,850,2026-04
2026-04-27 19:17:31.985,10029409,8,850,2026-04
2026-04-02 15:18:16.309,10027298,4,1150,2026-04
2026-04-13 15:27:40.488,10028093,4,925,2026-04
2026-04-28 11:10:59.098,10028518,4,795,2026-04
2026-04-28 11:10:59.098,10029329,4,875,2026-04
2026-04-06 20:29:15.778,500001,100,1295,2026-04
2026-04-28 11:22:57.345,10028269,4,335,2026-04
2026-04-14 21:20:53.096,10028130,5,850,2026-04
2026-03-14 12:56:24.452,10022091,4,1250,2026-03
2026-03-14 12:56:24.452,10019275,4,1650,2026-03
2026-04-07 11:24:57.728,10027612,4,995,2026-04
2026-04-15 19:53:55.787,10027760,4,995,2026-04
2026-04-15 19:53:55.788,10028639,4,875,2026-04
2026-04-15 19:53:55.788,10028637,4,875,2026-04
2026-04-15 19:53:55.789,10028449,4,775,2026-04
2026-04-15 19:53:55.789,10028638,4,875,2026-04
2026-04-02 18:05:28.315,10027276,4,525,2026-04
2026-04-02 19:09:14.579,10027279,4,550,2026-04
2026-04-06 18:48:12.364,10027761,8,995,2026-04
2026-04-06 18:48:12.364,10027734,9,975,2026-04
2026-04-16 15:31:56.288,10028268,4,335,2026-04
2026-04-16 15:31:56.288,10028449,4,775,2026-04
2026-04-16 17:02:55.280,10027806,4,625,2026-04
2026-03-17 20:29:44.229,10026674,12,875,2026-03
2026-04-28 16:44:22.040,10029028,4,1250,2026-04
2026-04-28 16:44:22.040,10025542,4,1150,2026-04
2026-04-28 16:44:22.040,10029330,4,875,2026-04
2026-04-28 16:44:22.040,10029131,4,775,2026-04
2026-04-28 16:44:22.040,10029365,5,895,2026-04
2026-04-28 16:44:22.040,10029329,4,875,2026-04
2026-04-16 22:08:03.045,10028518,4,795,2026-04
2026-04-17 11:19:11.764,10028231,12,995,2026-04
2026-04-17 15:02:45.621,10028257,4,775,2026-04
2026-04-17 15:02:45.621,10028794,4,1095,2026-04
2026-04-17 15:09:51.456,10028794,4,1095,2026-04
2026-04-17 15:37:46.230,10028257,4,775,2026-04
2026-04-17 16:37:59.176,10028197,4,750,2026-04
2026-04-17 16:37:59.175,10027635,3,750,2026-04
2026-04-17 16:37:59.175,10028636,4,875,2026-04
2026-04-17 20:08:59.396,10027576,4,995,2026-04
2026-04-17 20:08:59.396,10028268,4,335,2026-04
2026-04-18 13:21:16.883,10028448,8,775,2026-04
2026-04-18 18:25:15.789,10028892,4,1075,2026-04
2026-04-18 18:25:15.789,10028754,4,550,2026-04
2026-04-18 21:26:58.345,10028754,1,550,2026-04
2026-04-18 21:26:58.345,10028755,1,550,2026-04
2026-04-20 13:14:10.788,10028268,4,335,2026-04
2026-04-28 19:13:18.760,10029448,4,850,2026-04
2026-04-28 19:13:18.760,10029447,4,850,2026-04
2026-04-28 19:13:18.760,10029411,4,950,2026-04
2026-04-28 19:13:18.760,10029330,4,875,2026-04
2026-04-28 19:13:18.760,10029418,4,995,2026-04
2026-04-28 19:13:18.760,10028268,4,335,2026-04
2026-04-13 18:31:30.792,10025103,4,1195,2026-04
2026-04-16 17:34:14.583,10022578,4,1195,2026-04
2026-04-17 11:08:52.071,10027574,4,995,2026-04
2026-04-17 11:08:52.071,10027576,4,995,2026-04
2026-04-17 15:49:37.370,10028818,8,795,2026-04
2026-04-17 15:54:48.746,10027299,4,1150,2026-04
2026-04-17 15:54:48.745,10028794,4,1095,2026-04
2026-04-17 17:25:37.155,10028449,4,775,2026-04
2026-02-12 20:35:02.824,10025105,4,650,2026-02
2026-04-11 18:56:06.001,10028196,3,750,2026-04
2026-04-25 15:28:54.055,10029128,5,995,2026-04
2026-04-25 15:28:54.055,10027542,4,875,2026-04
2026-04-25 15:28:54.055,10028447,4,1325,2026-04
2026-04-25 18:41:31.295,10027281,4,550,2026-04
2026-04-25 18:41:31.296,10029131,4,775,2026-04
2026-04-25 18:41:31.295,10029370,4,1125,2026-04
2026-04-25 18:41:31.296,10027574,4,995,2026-04
2026-04-25 18:47:31.530,10028753,4,550,2026-04
2026-04-25 18:47:31.530,10029263,4,995,2026-04
2026-04-25 18:47:31.530,10027279,4,550,2026-04
2026-04-25 18:47:31.530,10028794,4,1095,2026-04
2026-04-25 18:47:31.531,10027280,4,550,2026-04
2026-04-01 11:29:01.776,10027281,8,550,2026-04
2026-04-01 11:29:01.776,10027278,8,550,2026-04
2026-04-01 11:29:01.776,10027280,8,550,2026-04
2026-04-13 10:58:38.003,10028268,8,335,2026-04
2026-04-13 10:58:38.003,10028269,8,335,2026-04
2026-04-01 15:54:52.385,10027281,4,550,2026-04
2026-03-10 19:51:05.050,500001,56,1295,2026-03
2026-04-27 16:49:28.260,10029263,4,995,2026-04
2026-04-27 16:49:28.260,10029367,4,1125,2026-04
2026-04-27 16:49:28.260,10029262,4,995,2026-04
2026-04-06 18:08:13.383,10027735,6,975,2026-04
2026-04-27 18:47:00.312,10029326,4,1025,2026-04
2026-04-27 19:03:28.019,10029444,10,995,2026-04
2026-04-27 19:03:28.019,10029441,10,1125,2026-04
2026-03-14 12:56:24.452,10025105,4,650,2026-03
2026-04-07 11:19:47.199,10027735,6,975,2026-04
2026-04-28 15:43:28.896,10029433,4,825,2026-04
2026-04-02 18:19:20.498,10027298,4,1150,2026-04
2026-04-28 15:43:28.897,10028448,4,775,2026-04
2026-04-28 15:43:28.896,10029369,4,1075,2026-04
2026-04-28 15:43:28.896,10028268,4,335,2026-04
2026-04-28 15:43:28.897,10027542,4,875,2026-04
2026-04-28 15:43:28.897,10029367,4,1125,2026-04
2026-04-28 15:43:28.896,10029228,4,750,2026-04
2026-04-28 15:43:28.897,10029443,5,995,2026-04
2026-04-28 15:43:28.896,10029342,5,1075,2026-04
2026-04-28 15:43:28.896,10029331,4,950,2026-04
2026-04-02 18:32:46.949,10027281,4,550,2026-04
2026-04-28 15:48:24.041,10028568,4,925,2026-04
2026-04-28 15:48:24.041,10028448,4,775,2026-04
2026-04-28 15:48:24.041,10029232,4,750,2026-04
2026-04-28 15:48:24.041,10029230,4,750,2026-04
2026-04-28 15:48:24.041,10025542,4,1150,2026-04
2026-04-28 15:48:24.041,10029107,4,775,2026-04
2026-04-28 15:48:24.041,10028637,4,875,2026-04
2026-04-28 15:48:24.041,10029131,4,775,2026-04
2026-04-28 15:48:24.041,10029274,4,625,2026-04
2026-04-28 15:48:24.041,10029234,4,875,2026-04
2026-04-13 17:00:55.270,10027912,4,625,2026-04
2026-04-13 17:00:55.270,10027734,3,975,2026-04
2026-04-13 17:00:55.270,10028196,4,750,2026-04
2026-04-13 17:36:29.259,10028093,4,925,2026-04
2026-04-15 11:54:23.735,10027684,4,550,2026-04
2026-04-15 11:54:23.735,10027896,8,550,2026-04
2026-04-28 19:38:02.002,10029355,4,1250,2026-04
2026-04-28 19:38:02.002,10029270,5,575,2026-04
2026-04-16 18:35:48.944,10027806,4,625,2026-04
2026-04-16 18:57:32.530,10028449,8,775,2026-04
2026-04-16 18:57:32.531,10028448,8,775,2026-04
2026-04-17 15:45:31.003,10027299,4,1150,2026-04
2026-04-17 17:01:45.448,10028231,4,995,2026-04
2026-04-17 17:01:45.448,10027574,4,995,2026-04
2026-04-17 17:25:37.155,10027299,4,1150,2026-04
2026-04-17 18:30:13.100,10028449,4,775,2026-04
2026-04-17 18:30:13.100,10028447,4,1325,2026-04
2026-04-18 18:25:15.789,10028758,4,550,2026-04
2026-04-20 14:01:05.613,10028629,4,875,2026-04
2026-04-20 14:01:05.613,10028630,4,875,2026-04
